Tanggal;Tn;Tx;Tavg;RH_avg;RR;ss;ff_x;ddd_x;ff_avg;ddd_car
2020-01-01;20,4;28,2;23,7;87;43,3;4,4;3;170;1;C 
2020-01-02;21,2;28,8;23,8;90;2,6;3,9;4;150;1;C 
2020-01-03;21,4;28,8;24;86;1,9;4,6;4;160;1;C 
2020-01-04;21,6;28,6;24,2;86;2,1;3;4;290;1;C 
2020-01-05;22;28,3;24,1;88;1;1,3;3;140;2;SE
2020-01-06;20,6;28,4;24,3;87;30,4;3;6;170;2;SE
2020-01-07;22,1;29,4;24,9;86;23,2;4,3;4;140;2;C 
2020-01-08;22,2;26,6;24,4;86;6,2;5,8;3;130;1;SE
2020-01-09;22;27,8;24,2;86;3,2;1,1;6;180;2;C 
2020-01-10;21,2;28,6;24,4;83;2;2,6;3;140;1;C 
2020-01-11;21;28,4;24,2;82;3,7;3,8;5;200;2;C 
2020-01-12;20,6;28,9;24,4;79;1,6;2,6;3;80;1;C 
2020-01-13;21;30,7;24,8;80;0;1,8;5;50;2;C 
2020-01-14;20,4;30,4;25,9;75;0,2;5,7;5;160;1;C 
2020-01-15;20,7;29,8;24,1;85;42;7,3;3;50;1;C 
2020-01-16;21;30,3;25,2;82;41,5;4,5;3;170;2;S 
2020-01-17;19;30,2;24,9;72;0;8,9;5;160;2;SE
2020-01-18;19,2;30,8;25,7;69;0;10,2;4;190;2;S 
2020-01-19;20,8;29,8;25,9;72;0;11;3;140;2;C 
2020-01-20;20;30,3;25,5;76;0;6,5;4;180;2;C 
2020-01-21;21,2;30,1;24,9;82;1;7,8;4;30;1;C 
2020-01-22;22,2;29,4;25,2;82;0,5;6,2;6;190;1;C 
2020-01-23;21,8;28,7;24,5;86;2,5;4,5;4;90;1;C 
2020-01-24;20,9;30,6;24,7;83;12,4;2,3;3;80;1;C 
2020-01-25;21;30,1;24,9;81;29,2;8;4;40;1;C 
2020-01-26;20,8;30,6;25,2;80;3,5;7,9;3;160;1;C 
2020-01-27;20,6;29,6;25;81;2,7;7;4;70;2;C 
2020-01-28;20,4;30,6;25,6;80;2;2,8;3;190;1;C 
2020-01-29;22;31,3;24,6;83;8888;8,1;5;280;1;C 
2020-01-30;21,2;26,2;23;92;58,7;6;4;150;2;SE
2020-01-31;20,6;30;24,3;80;9,9;2;3;90;1;C 
2020-02-01;21;28,5;24,1;87;26,3;3,8;3;30;1;C 
2020-02-02;20,4;29;25,3;82;24,3;3,5;4;60;1;C 
2020-02-03;20,8;30,7;24,1;86;14;7,1;8;60;2;C 
2020-02-04;20,1;30;24,9;80;53,7;5,4;3;70;1;C 
2020-02-05;19;30,4;24,8;74;2,5;7,5;4;140;2;C 
2020-02-06;18,9;29,6;24,3;78;0;9,8;3;80;1;C 
2020-02-07;20,8;30;23;93;8,5;6,6;3;90;1;C 
2020-02-08;20;29,9;25,3;76;30,4;5,5;3;280;2;C 
2020-02-09;21,4;26,5;23,8;88;2,7;4,5;3;160;1;SE
2020-02-10;20,8;29,3;23,9;84;0,7;0,1;3;160;1;C 
2020-02-11;20,2;28,7;24;85;84,6;6,6;5;80;1;C 
2020-02-12;21;28,8;23,9;86;0;2;3;90;1;C 
2020-02-13;20,8;29,6;24,2;84;0,5;4;4;80;1;C 
2020-02-14;21,8;30,2;25;81;1,3;5,7;5;300;2;C 
2020-02-15;21;30,2;23,8;88;6,2;6,7;7;120;1;C 
2020-02-16;20,9;29,6;24,3;84;14,7;5,4;2;140;1;C 
2020-02-17;20,6;27,2;22,4;92;6;5,4;4;140;0;C 
2020-02-18;20,4;28,2;23,6;86;15,2;2,5;5;100;1;C 
2020-02-19;20,6;28,6;23;91;33,5;1,8;3;110;1;C 
2020-02-20;20,4;28,5;24,3;78;25,8;3,8;7;270;3;NW
2020-02-21;21;29,6;25;81;0,6;0,7;4;130;1;C 
2020-02-22;21,8;29,2;24,8;86;20,5;6,9;6;130;2;C 
2020-02-23;20,8;29,8;24,4;86;12,2;5,7;6;60;1;C 
2020-02-24;21,6;29,6;24,6;87;39,2;6,1;3;90;0;C 
2020-02-25;21,3;29,3;23,3;91;5,4;6,2;4;340;1;C 
2020-02-26;21,8;28,8;24,3;87;4,8;3,7;3;90;0;C 
2020-02-27;21,2;30,2;25,2;83;18;3,2;3;100;1;C 
2020-02-28;20,9;29,6;24;88;36,1;5;4;160;1;C 
2020-02-29;21,2;30,2;24,8;85;14,7;4,1;5;80;1;C 
2020-03-01;21,2;28,4;23,7;91;5,4;6,7;3;90;1;C 
2020-03-02;21;30,6;25;83;18,5;2,5;5;60;2;C 
2020-03-03;20,9;29;24,4;87;34;7,2;3;100;1;C 
2020-03-04;20,6;27,8;24,3;86;20,8;4,6;4;140;1;C 
2020-03-05;21,6;29,7;24,8;84;0,9;1,8;3;120;1;C 
2020-03-06;21,4;28,6;24,2;85;3;3,6;4;20;1;C 
2020-03-07;20,9;29,4;23,3;89;8,8;4;3;140;1;C 
2020-03-08;21,3;29,2;24,2;89;30;4,5;3;120;1;C 
2020-03-09;21,6;28,3;23,8;89;6;3,9;3;120;1;C 
2020-03-10;20,8;29;24,3;87;2,1;3,6;5;60;2;C 
2020-03-11;21,7;29,8;25,5;81;0;4,5;4;60;2;NE
2020-03-12;22;29,8;24,7;84;0;6,3;3;90;1;C 
2020-03-13;20,7;30;23,3;88;1,3;4,1;3;130;1;C 
2020-03-14;20,4;30;24,5;83;16;4;4;60;1;C 
2020-03-15;20,6;31,2;25,6;71;0;4,8;4;160;1;C 
2020-03-16;20,2;30,2;24,8;76;0;8,4;3;160;1;C 
2020-03-17;20,8;30;24,8;78;1;6;5;70;2;C 
2020-03-18;21,4;29,4;24,9;79;0;6,2;5;60;2;NE
2020-03-19;21;29,4;24,6;80;0;7,8;6;120;2;C 
2020-03-20;20,2;30;24,9;79;6,7;5,9;4;90;2;E 
2020-03-21;20,6;30,4;24,7;78;0;9,8;6;70;2;C 
2020-03-22;20,4;29,8;25,2;75;0;7;6;80;2;C 
2020-03-23;21,4;29,8;23,2;92;10,8;7,4;4;150;2;C 
2020-03-24;20,4;29,6;24,2;84;29,2;4,1;5;40;1;C 
2020-03-25;20,4;29,6;24,6;83;14,7;6;3;50;1;C 
2020-03-26;20,1;29,8;24,8;80;6,9;6,2;4;60;1;C 
2020-03-27;21,8;29;24,3;84;0;8,4;3;170;1;C 
2020-03-28;21,3;29;25,2;80;21,7;3,8;5;50;2;C 
2020-03-29;20,4;29,7;24;86;0,6;5,2;4;60;1;C 
2020-03-30;21,1;30,4;25,7;78;0,4;2,5;4;60;1;C 
2020-03-31;21;30,4;25,1;79;0;7,1;5;50;1;C 
2020-04-01;21,4;29,2;24,9;81;0,6;6,3;6;50;2;C 
2020-04-02;21;29,4;24,6;83;0;4,2;5;70;2;C 
2020-04-03;20,9;29,8;24,5;82;9;6;4;100;1;C 
2020-04-04;21;30,2;25,4;82;18,5;4,8;5;40;2;C 
2020-04-05;22,1;31,2;25,3;86;2,2;7;2;120;0;C 
2020-04-06;21;29,6;24,4;78;4,9;5,4;5;140;0;C 
2020-04-07;20;29,2;24,4;82;15,2;4,7;3;160;0;C 
2020-04-08;20;29,2;24,5;82;42,1;6,2;3;170;1;C 
2020-04-09;20,3;30;24,5;83;6,4;6,8;3;130;1;C 
2020-04-10;21,3;29,4;25,2;84;14;7;4;60;1;C 
2020-04-11;21,4;29,9;26,1;73;2,5;9,2;5;150;2;S 
2020-04-12;20,4;32;24,7;75;0;8,9;4;200;1;C 
2020-04-13;20;29,6;24,2;80;0;8,8;4;70;2;NE
2020-04-14;21,2;29,4;24,9;84;0,7;7,4;4;20;2;C 
2020-04-15;20,4;30,2;25,3;78;0;6,6;4;50;2;C 
2020-04-16;20,4;30,6;25,4;76;11,4;4,8;4;60;1;C 
2020-04-17;21,4;29,4;24,6;83;11,4;7;4;50;1;C 
2020-04-18;20,6;29,4;24,8;82;1,6;4,8;4;40;1;C 
2020-04-19;20,8;28,8;24,4;84;1,8;4,7;3;40;1;C 
2020-04-20;21,2;30,2;25,5;78;8888;4;4;80;1;C 
2020-04-21;21,2;30,2;25,6;80;0;7,2;4;70;2;E 
2020-04-22;20,8;30,6;26,2;74;3,6;9,8;4;60;2;NE
2020-04-23;20,8;30,4;25,7;75;0;10;4;40;2;C 
2020-04-24;20,2;30,2;25,2;72;1,4;10;6;70;2;C 
2020-04-25;20,8;29,6;25,1;74;0;9,8;4;160;1;C 
2020-04-26;21,1;29,8;23,9;84;1,2;4,1;4;70;1;C 
2020-04-27;20,4;30,4;25,3;77;3,3;3,5;5;80;2;E 
2020-04-28;21;28,4;24,1;81;0,4;6,9;4;60;1;NE
2020-04-29;20,6;28,2;24,8;78;0;3,5;4;50;1;C 
2020-04-30;20,8;28,6;24,9;74;2;3,1;4;170;0;C 
2020-05-01;21,6;29;24,7;79;0;4;3;60;1;C 
2020-05-02;19;29,4;24,6;71;0;3,7;3;130;1;C 
2020-05-03;19,5;28,8;24,1;78;0;9,2;6;30;2;C 
2020-05-04;20,6;29,8;25,7;72;0;7;4;60;2;C 
2020-05-05;20,6;30,2;24,9;75;0;8;4;60;2;C 
2020-05-06;20,2;29,4;24,5;80;0;8;4;50;1;C 
2020-05-07;20,4;30,6;25,3;77;0;8,6;5;80;2;E 
2020-05-08;20,7;30,6;24,1;82;0;7,9;4;60;2;C 
2020-05-09;21,2;30,1;25,3;78;8,7;9,5;4;30;2;NE
2020-05-10;22,2;29;26,2;67;0,5;7,2;6;50;3;NE
2020-05-11;22,2;29,6;25;84;0;7;4;60;1;C 
2020-05-12;19,5;29,8;24,5;76;24,4;4,7;4;30;1;C 
2020-05-13;19,8;29,7;24,4;80;0;8;4;70;2;C 
2020-05-14;20,8;27,6;23,9;82;8888;8,1;5;180;1;C 
2020-05-15;19,2;30,5;24,2;80;0;5,1;3;70;1;C 
2020-05-16;20,1;29,6;24,8;78;0;6,6;5;160;2;S 
2020-05-17;20,6;29,8;25;80;0;8;3;130;1;C 
2020-05-18;21;29;24,3;88;2,7;5,2;4;200;1;C 
2020-05-19;21,2;28,6;23,7;88;13,2;4,5;3;130;1;C 
2020-05-20;21,6;28,6;24,9;85;16,7;3,4;4;60;2;C 
2020-05-21;21,4;27,8;23,6;86;8888;6,1;5;140;3;SE
2020-05-22;21,7;29,9;25,9;76;0;2,1;6;160;2;C 
2020-05-23;21,2;29,4;25,6;76;0;8,3;6;150;2;C 
2020-05-24;20,1;29,4;25,1;76;0;5,2;5;130;2;SE
2020-05-25;20;29,9;25,7;76;0;10,3;4;160;2;C 
2020-05-26;21,2;29,8;24,5;84;0;6,8;4;50;1;C 
2020-05-27;20,8;27,7;23,7;89;29,2;4,4;3;160;1;C 
2020-05-28;20,2;28,2;23,1;88;0,3;2,8;2;160;0;C 
2020-05-29;20,2;28;23,8;86;18;4;4;160;2;S 
2020-05-30;19,8;29,3;24,4;84;0;3,6;4;60;2;C 
2020-05-31;21,3;29;24,7;86;22;7,4;5;50;1;C 
2020-06-01;20,6;27,9;24,2;87;1,5;7,5;4;190;2;S 
2020-06-02;21;30;24,7;78;0;2;3;70;1;C 
2020-06-03;18,8;28,9;24;72;0;5,5;6;40;3;NE
2020-06-04;18,3;29,2;24,2;71;0;8,5;4;70;2;C 
2020-06-05;18;28,6;23,3;78;0;8,9;4;220;2;S 
2020-06-06;21,2;26,5;24;86;0,5;7,7;5;180;2;S 
2020-06-07;20,6;28,4;23,8;81;0;3,9;4;150;2;SE
2020-06-08;20,4;28,9;24,4;77;0;5,6;4;160;2;C 
2020-06-09;19;29,8;23,6;76;0;8,8;3;150;1;C 
2020-06-10;17,4;29,1;23,7;70;0;8,1;4;50;1;C 
2020-06-11;17,8;29;23,5;68;0;9,8;4;170;1;C 
2020-06-12;17,4;29,4;23,7;67;0;9;3;160;2;C 
2020-06-13;18,4;30;24;71;0;9;3;150;2;SE
2020-06-14;20,1;28,6;24,2;86;0;8,8;3;80;1;C 
2020-06-15;19,8;29,6;24,9;81;1,2;2,8;5;150;2;C 
2020-06-16;19,7;29,8;24,9;68;0;7,8;5;40;2;C 
2020-06-17;19;29;23,8;79;0;8,4;4;130;2;S 
2020-06-18;20;29;24,3;79;0;8;4;60;2;S 
2020-06-19;19,4;28,4;23,3;76;0;7;6;190;3;S 
2020-06-20;18,2;28,6;23,1;76;0;8,4;3;180;2;S 
2020-06-21;18,3;28;23,6;78;0;6,7;4;190;2;S 
2020-06-22;19,4;29,1;24,1;76;0;5,5;4;160;2;S 
2020-06-23;17,4;28,9;22,9;73;0;6,9;4;130;1;C 
2020-06-24;18,9;28;23,4;73;0;8,5;4;160;2;S 
2020-06-25;17,6;27,6;22,4;72;0;9,9;5;220;3;SE
2020-06-26;16,6;28;22,6;70;0;8,7;4;180;2;SE
2020-06-27;17,2;28,2;23;62;0;8;3;160;2;S 
2020-06-28;17,4;28,5;23,5;71;0;9,8;4;150;2;SE
2020-06-29;18,8;27,7;23,5;80;0;9,3;5;200;2;S 
2020-06-30;18;28,9;22,9;77;0;8;5;180;2;C 
2020-07-01;19,4;27,9;23,7;76;0;9,8;5;150;3;S 
2020-07-02;20,2;27,5;23,6;80;0;8,7;4;170;2;S 
2020-07-03;18,8;27,2;22,9;75;0;4,6;5;170;2;S 
2020-07-04;17,6;28,2;23,3;67;0;9,4;5;60;2;NE
2020-07-05;17,6;28;23,2;72;0;10;4;60;2;C 
2020-07-06;19;25,6;22,3;89;0;5;4;150;1;C 
2020-07-07;19,6;28,2;23,5;80;15,9;1,2;4;50;2;S 
2020-07-08;18;27,1;23,1;80;0;6,6;6;190;3;S 
2020-07-09;20,2;27,3;23,4;77;0;7,6;5;200;3;S 
2020-07-10;18,1;28,2;22,4;81;0;7,8;4;150;2;C 
2020-07-11;18;28,2;22,9;78;0;8,8;4;170;2;S 
2020-07-12;19,4;28,1;24,2;75;0;6,8;3;200;2;S 
2020-07-13;18,8;28,8;23,9;77;0;8,1;4;80;2;S 
2020-07-14;19,8;27,9;25,1;76;0;9,1;4;130;1;C 
2020-07-15;18,4;30,2;23,6;82;0;6,7;4;90;1;C 
2020-07-16;20;28,3;23,5;83;1,5;5,2;4;80;2;C 
2020-07-17;18,6;29,2;23,8;70;0;6,6;7;100;2;E 
2020-07-18;20,2;28,5;23,8;78;0;8;4;160;2;S 
2020-07-19;18,8;28,6;22,5;82;0;9,8;6;180;2;S 
2020-07-20;21;28;24;80;0;6;4;170;2;C 
2020-07-21;21,4;28,4;24,4;80;0;3,4;4;150;1;C 
2020-07-22;19,4;29,2;23,7;79;8888;5,7;5;70;2;C 
2020-07-23;19,8;27,8;23,1;75;0;7,4;5;170;2;S 
2020-07-24;16,8;27,6;22,2;72;0;9,4;4;150;2;S 
2020-07-25;15,4;26,1;21,4;66;0;7,6;7;170;3;S 
2020-07-26;15,6;27,6;21,6;64;0;10,2;5;150;1;C 
2020-07-27;14,8;27,2;21,1;73;0;9,6;4;150;3;S 
2020-07-28;16,8;27,7;22,2;76;0;10,2;6;160;3;S 
2020-07-29;17;28,2;21,6;71;0;8,8;5;180;2;S 
2020-07-30;14,2;28,2;21,4;66;0;9,8;3;120;1;C 
2020-07-31;16,2;26,6;22,3;74;0;10,3;5;160;2;S 
2020-08-01;16,6;27,7;22,3;76;0;7,5;5;160;2;S 
2020-08-02;19,2;27,6;22,6;75;;8,6;4;200;2;S 
2020-08-03;16,8;28,3;22,3;75;;5,3;5;80;2;C 
2020-08-04;18,2;27;22,3;83;;5,7;4;140;2;S 
2020-08-05;20,2;27,2;23,3;77;0,4;2,8;4;130;2;S 
2020-08-06;17,6;27,7;22,7;74;0;4,5;6;150;2;S 
2020-08-07;17,1;29;23;74;;10,2;4;160;2;SE
2020-08-08;18,2;28,6;23,4;78;;9,4;3;140;2;SE
2020-08-09;17,4;30,6;23,9;70;;6,9;3;100;2;E 
2020-08-10;18,1;29,1;23,6;76;;9,4;7;80;2;C 
2020-08-11;19,4;30;23,7;81;0;8,8;4;80;2;C 
2020-08-12;20;28,2;24,5;80;36,5;5,3;5;80;2;E 
2020-08-13;21;27,4;23,6;86;0;7;4;160;2;S 
2020-08-14;19;29;23,6;80;;3,8;5;60;1;C 
2020-08-15;19,1;29,2;23,7;79;0;7,4;3;70;2;C 
2020-08-16;20,5;29,2;24,2;76;0;9,2;4;160;1;C 
2020-08-17;19;29,2;23,4;80;18,4;6,6;5;140;2;S 
2020-08-18;19,1;27,4;22,7;79;0;9,6;4;180;2;S 
2020-08-19;17,4;28,4;22,7;74;0;8,1;6;150;2;S 
2020-08-20;18;28,6;22,9;76;0;8,5;5;20;3;NE
2020-08-21;17,3;30;25,1;44;0;8;7;20;3;N 
2020-08-22;17,2;29,8;24,5;56;0;10;5;40;2;C 
2020-08-23;18,8;29,7;24,1;75;0;9,9;4;60;3;S 
2020-08-24;17,6;30,4;23,7;67;0;9;6;50;2;E 
2020-08-25;17,4;30,6;23,9;67;0;10;5;350;2;S 
2020-08-26;20,2;27,5;24;66;0;10;7;240;3;S 
2020-08-27;15,8;29,2;22,7;68;0;10,2;4;160;3;S 
2020-08-28;18,2;28,4;23;82;0;9,2;5;130;3;SE
2020-08-29;20,8;27,6;24;76;8888;8,9;4;140;3;S 
2020-08-30;17;30;23,5;68;0;6,8;6;170;2;S 
2020-08-31;17,8;30,2;23,2;75;0;10;5;150;2;SE
2020-09-01;21,2;29;23,8;77;0;10,2;5;150;3;S 
2020-09-02;20,3;27,1;23,5;83;0;6,6;4;180;2;S 
2020-09-03;21;30,3;25,2;74;0,6;3,7;7;50;3;NE
2020-09-04;20,2;29,8;24,5;80;0;9,1;4;170;2;S 
2020-09-05;17,8;30,2;23,9;76;0,2;8,4;5;170;2;S 
2020-09-06;17,9;30,3;23,8;72;0;9,8;4;160;2;S 
2020-09-07;20;29,7;23,9;70;0;8,7;5;110;2;S 
2020-09-08;18,2;30,9;24,2;68;0;9,6;8;80;2;S 
2020-09-09;20;30;24,4;70;0;10;6;60;3;NE
2020-09-10;20,2;29;24;76;0;7,6;5;180;2;S 
2020-09-11;17,4;29,4;23,6;70;0;5,2;4;180;2;C 
2020-09-12;17,4;29,3;24,2;70;0;10,2;5;190;3;S 
2020-09-13;20,4;28,6;24,4;70;0;9,2;5;160;3;S 
2020-09-14;17,4;30;23,7;71;0;9,1;5;160;2;SE
2020-09-15;;;;;;;;;;
2020-09-16;;;;;;;;;;
2020-09-17;;;;;;;;;;
2020-09-18;;;;;;;;;;
2020-09-19;;;;;;;;;;
2020-09-20;;;;;;;;;;
2020-09-21;;;;;;;;;;
2020-09-22;;;;;;;;;;
2020-09-23;;;;;;;;;;
2020-09-24;;;;;;;;;;
2020-09-25;;;;;;;;;;
2020-09-26;;;;;;;;;;
2020-09-27;;;;;;;;;;
2020-09-28;21,2;29,8;25,3;70;0,6;6;6;180;3;S 
2020-09-29;19,7;28,9;24,6;76;0;9,8;6;150;3;S 
2020-09-30;19,8;30,6;24,3;74;4;7;5;90;2;E 
2020-10-01;19,4;31,5;25,7;65;1,9;9;6;50;3;NE
2020-10-02;21;31,8;25,5;77;0;9,8;4;60;2;S 
2020-10-03;21,1;29,9;25,1;78;0;7;6;140;3;S 
2020-10-04;21,7;26,6;23,9;76;0;10,2;6;180;3;S 
2020-10-05;21,1;29;24,3;76;0,1;2,5;6;180;4;S 
2020-10-06;20,4;26,3;23,8;75;0;6,7;6;180;3;S 
2020-10-07;19,1;29,3;24,2;70;0;4,4;6;160;3;S 
2020-10-08;20,6;27,2;23,7;81;0;8,6;4;130;3;S 
2020-10-09;20,3;30,8;24,8;70;0;2,2;4;60;2;SE
2020-10-10;21;27,5;23,7;84;0;5,5;5;150;2;C 
2020-10-11;19,9;30,8;26;66;3;2,4;6;140;2;NE
2020-10-12;20,9;29;25;79;0,5;9,7;5;170;3;S 
2020-10-13;20,7;31;25,9;68;0;6,8;6;70;3;NE
2020-10-14;20,4;30,3;24,9;76;0;9,8;6;140;2;S 
2020-10-15;20;30,3;24,5;79;2,6;8,5;4;160;2;SE
2020-10-16;21;28,7;24,3;78;27,6;6,8;5;190;2;S 
2020-10-17;19,6;28,7;24,6;75;0;8,5;5;150;3;S 
2020-10-18;20;29,6;24,5;73;0;6,7;5;60;2;S 
2020-10-19;20,7;27,8;24,2;76;0;4,2;5;40;2;E 
2020-10-20;20,3;29,8;25,1;74;0;0;6;50;3;NE
2020-10-21;21,3;30,2;25,1;79;0;6;5;160;2;C 
2020-10-22;19,8;29,8;24,7;79;8888;6,2;4;120;1;C 
2020-10-23;19,4;30,4;25,1;80;39,6;7,9;4;90;1;C 
2020-10-24;20;30,7;25,6;75;9,8;7,2;5;180;2;S 
2020-10-25;20;31,4;25,7;70;0;10;5;80;2;E 
2020-10-26;21;29,2;24,1;83;0;9,7;4;140;2;C 
2020-10-27;19,5;28,4;23,9;82;44,8;5,4;4;200;2;S 
2020-10-28;19,4;30,6;25,1;74;0,4;3,7;4;200;2;C 
2020-10-29;18,8;31,8;25,8;69;0;9;6;140;3;C 
2020-10-30;20;29,8;26,2;70;0;9,7;7;60;3;C 
2020-10-31;20,4;28,5;24;86;0,5;5,9;5;140;2;C 
2020-11-01;19,3;28,8;24,2;82;37,1;2,8;4;60;1;C 
2020-11-02;20,8;27,6;24,2;87;5,6;2,3;3;160;1;C 
2020-11-03;20,9;30,2;25,7;71;0,4;2,1;7;70;3;NE
2020-11-04;20,2;30,4;25,8;74;0;6,6;3;70;2;C 
2020-11-05;22,4;31,9;26,6;67;0;7,1;5;30;2;C 
2020-11-06;21,1;32;26,4;71;0;8,7;10;360;3;S 
2020-11-07;21;31,6;26,5;70;0;8,8;3;130;2;SE
2020-11-08;20,2;31,6;25,6;65;0;10,6;5;80;2;C 
2020-11-09;20,3;30;26,2;72;0;8,7;5;170;3;S 
2020-11-10;21,6;30,2;25,8;76;0;7,8;8;150;3;S 
2020-11-11;21,3;27;24,7;82;12,4;7;4;180;2;S 
2020-11-12;22;30,1;26,9;66;0,1;2,8;7;60;3;NE
2020-11-13;20,2;31,4;26,4;77;0;8,4;6;100;2;C 
2020-11-14;22,3;31,3;25,9;77;0;9,8;4;140;1;C 
2020-11-15;21,2;31,1;25,8;75;0;6,3;6;150;3;SE
2020-11-16;20,1;30,8;25,9;79;0;7,1;4;150;1;C 
2020-11-17;22,4;30;25,5;77;6;7,6;3;190;2;S 
2020-11-18;20,6;30,8;26,4;74;11,2;6,2;4;70;2;C 
2020-11-19;21;30,8;26,4;74;0;9,8;4;90;2;E 
2020-11-20;21,6;29,4;25,6;79;0,2;6,5;4;120;2;C 
2020-11-21;21,1;30,8;26,3;74;5,4;7,2;5;70;2;E 
2020-11-22;23;30,1;24,1;90;0;8,2;6;60;2;S 
2020-11-23;20;29,8;24,1;83;41,2;4,3;3;120;1;C 
2020-11-24;20,9;28,2;24,4;83;19,7;6,4;4;160;3;SE
2020-11-25;20,4;27,8;24,3;84;0,6;4,7;5;170;2;C 
2020-11-26;21,2;28,2;22,8;92;2,6;4,5;5;240;2;E 
2020-11-27;21,1;27,2;23,7;85;42,8;2,8;3;170;2;SE
2020-11-28;21;29;24,4;83;0;0,2;4;80;1;C 
2020-11-29;21,2;28,6;23,2;89;3,6;5,6;3;220;1;C 
2020-11-30;20,5;25,9;22,5;88;44,2;1,8;4;150;1;C 
2020-12-01;19,6;28,3;24,2;80;2,8;0,2;3;160;1;S 
2020-12-02;19,5;28;24,9;85;0;5,4;3;70;1;C 
2020-12-03;21,4;29;23,3;89;8888;3,2;4;180;1;C 
2020-12-04;21;27,6;23,6;90;28;1,5;4;120;1;C 
2020-12-05;21,2;27,9;23,3;88;1,3;2,3;3;270;1;C 
2020-12-06;21,4;28,6;25,3;73;34;3,7;6;270;2;N 
2020-12-07;22,2;26,6;24,3;78;2,3;1,7;5;250;2;C 
2020-12-08;22,5;29,4;26,4;68;7,2;0,2;8;310;3;W 
2020-12-09;22,4;27,5;24,3;83;0,2;5;4;340;2;NW
2020-12-10;22,2;29,8;24,7;81;0,6;0,2;5;220;2;C 
2020-12-11;22,2;29,6;24,5;87;8888;2,4;5;50;2;NW
2020-12-12;22;27,8;23,5;88;6,5;3,5;3;60;1;C 
2020-12-13;20,8;28,5;23,8;85;78,5;1,2;4;170;1;C 
2020-12-14;21;25,2;22,5;92;27,5;2;3;170;1;C 
2020-12-15;21,4;27,2;22,7;91;8888;0;4;150;1;C 
2020-12-16;20;24,8;22,3;91;17,8;0,2;3;130;1;C 
2020-12-17;20,6;27,4;23,9;81;17,5;0,1;5;160;2;S 
2020-12-18;20,9;25;22,4;92;0,2;3,2;3;170;1;C 
2020-12-19;19,7;25,2;22,5;90;6,8;1,5;3;150;1;C 
2020-12-20;19,6;27,1;23,4;84;8888;0,1;5;100;3;SE
2020-12-21;19,6;28,8;23,9;82;0;6;4;160;2;SE
2020-12-22;21,3;29,4;24,9;78;0;5,2;6;140;3;SE
2020-12-23;20,4;29,1;24,5;79;0;9,6;5;170;3;SE
2020-12-24;19,4;29;24,6;74;0;7,6;5;150;2;SE
2020-12-25;20,5;28,3;23,3;82;0;4;5;70;1;C 
2020-12-26;20,2;28,5;24,6;77;28,4;4,7;3;50;1;C 
2020-12-27;20,6;28,4;24,4;80;30,1;4,6;3;120;2;SE
2020-12-28;21,9;28,6;23,8;88;8888;4,3;4;150;2;SE
2020-12-29;22,1;28,2;24,1;88;3,1;1,6;3;160;1;C 
2020-12-30;21,4;24,9;22;94;3,4;4,2;3;110;1;C 
2020-12-31;19,5;28,2;23,3;87;23;0,1;3;60;2;E 
2021-01-01;21,3;28,4;22,8;92;28;4,4;3;150;1;C 
2021-01-02;21,6;26,4;23,7;88;21,3;2,2;4;110;2;C 
2021-01-03;20,8;28,1;24,2;86;1,5;0,8;5;120;2;SE
2021-01-04;21,2;27,2;23,1;90;0,6;2,4;4;120;1;C 
2021-01-05;20,4;26,8;23,1;90;55,3;0,1;2;150;1;C 
2021-01-06;20,2;29,4;23,9;84;15,8;0,7;3;130;1;C 
2021-01-07;20,6;28,4;23,7;88;3,6;4,3;3;130;1;C 
2021-01-08;21,4;29,2;24,5;84;9;1,6;4;200;2;S 
2021-01-09;21,2;28,4;24,4;84;7,8;3,6;4;160;1;C 
2021-01-10;21,8;28;23,7;90;2,2;1,2;4;130;2;SE
2021-01-11;21,2;28,8;24,3;88;52,4;3,1;3;70;2;C 
2021-01-12;21,4;29,4;24,2;87;1,3;2,8;3;90;1;C 
2021-01-13;21,8;28,4;23,4;90;10,7;2,6;8;160;3;E 
2021-01-14;21,2;28,2;22,9;90;0,1;1,8;8;160;2;C 
2021-01-15;20,3;26,3;22,8;88;4,8;3,2;2;60;0;C 
2021-01-16;20,6;25,8;22,4;91;1;0;5;150;2;C 
2021-01-17;20,3;28,2;23,1;89;1,4;0;4;160;2;NE
2021-01-18;20,6;27,2;23;88;12,2;3,9;4;160;1;C 
2021-01-19;20,7;27,8;24;82;39,3;2,5;6;210;1;C 
2021-01-20;21,4;29,2;25,4;73;2;0,5;5;280;2;SE
2021-01-21;20,8;29;24,6;81;0;3,6;3;160;2;C 
2021-01-22;20;29;23,9;80;0;5,3;5;120;3;SE
2021-01-23;20,5;29;24,4;78;0,4;4,8;4;150;2;SE
2021-01-24;20,4;29,1;24;77;0;0,3;5;160;2;C 
2021-01-25;20,1;27,5;23,1;84;14,6;4,6;6;160;2;C 
2021-01-26;20,2;29;24,2;78;26,9;3,6;5;120;2;SE
2021-01-27;20,6;27,6;23,2;88;13,4;5,8;4;130;1;C 
2021-01-28;20,6;27,8;23,4;88;17,5;1,4;4;340;2;C 
2021-01-29;21,4;27,4;23,8;84;1,2;1,8;8;250;3;W 
2021-01-30;21,4;27;24,3;74;25,3;1,6;9;290;4;W 
2021-01-31;20,6;29,4;23,9;84;3,9;0,1;6;60;2;C 
2021-02-01;20,6;30;23,9;86;7;5,8;6;90;2;C 
2021-02-02;20,8;29,2;24,8;75;36,6;5,7;8;270;3;W 
2021-02-03;21,4;29,6;24,9;78;16,3;6,5;6;310;4;NW
2021-02-04;21,2;28,4;24,5;77;53,6;3,3;6;260;3;W 
2021-02-05;21,8;29,2;25,1;76;29,6;2,8;5;320;2;NW
2021-02-06;22;28,6;25;71;11,4;4,1;8;260;5;W 
2021-02-07;23,4;29,9;26;68;0;3,4;7;280;3;W 
2021-02-08;23;28,4;25,1;74;5,4;6,4;7;260;3;W 
2021-02-09;22;29;25,5;75;5,5;1,8;5;270;2;W 
2021-02-10;21,2;26;23,3;90;16,6;4,5;4;150;1;C 
2021-02-11;21,2;29,2;24,1;87;0;0,1;4;150;2;SE
2021-02-12;22,3;26;23,5;91;0,4;3,4;5;140;2;C 
2021-02-13;21;26,9;23,7;86;13,8;1;4;140;2;SE
2021-02-14;20;28,4;23,4;86;8888;3,7;4;60;2;E 
2021-02-15;20,5;29;24,1;86;5,9;3,5;3;60;1;C 
2021-02-16;20,7;29,2;23,1;90;49,2;6,8;3;190;2;SE
2021-02-17;21,5;28,4;24,2;85;14,6;5;5;150;2;C 
2021-02-18;19,6;29,8;24,5;80;1;4,1;3;120;1;C 
2021-02-19;21,8;29,4;24,8;80;18,5;7,1;4;270;2;W 
2021-02-20;21,6;28;25,2;78;0;3,8;4;270;2;W 
2021-02-21;21,8;29,4;24,4;80;2,8;2,8;6;170;2;S 
2021-02-22;21,3;27;23,5;85;14,2;4,8;4;130;1;C 
2021-02-23;20,2;27,6;23,6;85;1,6;0,4;4;130;1;C 
2021-02-24;20,1;28,4;24;84;11,8;0,6;4;100;1;C 
2021-02-25;22;26,8;23,3;90;5,9;3,9;6;50;3;NE
2021-02-26;22;30,4;25,8;70;5;1,7;3;280;1;C 
2021-02-27;20,4;28,4;22,8;91;14,7;3,5;6;170;2;C 
2021-02-28;20;27,4;23,2;84;145;1;6;120;2;S 
2021-03-01;20,6;29,4;25,1;75;0;1,2;4;70;2;C 
2021-03-02;20,8;28,8;22,6;85;0;4,2;3;40;2;E 
2021-03-03;20,3;29,2;23,7;84;22,3;0,8;4;70;1;C 
2021-03-04;20,5;27,8;23,4;84;0,3;4,1;3;140;0;C 
2021-03-05;20,9;29,2;23,8;82;1;3;5;100;2;S 
2021-03-06;20,2;27,4;23,2;86;0;4,3;4;40;1;C 
2021-03-07;20;28,4;23,4;86;0;0,3;4;100;2;C 
2021-03-08;19,4;28,3;22,8;86;11,7;5,4;4;80;1;C 
2021-03-09;20,2;27,4;23,5;86;6,7;4;3;160;2;SE
2021-03-10;20,6;28,6;24,1;85;12,6;0,2;9;50;2;C 
2021-03-11;20,8;28,4;22,6;88;1,9;3,2;4;100;2;W 
2021-03-12;19,5;28,4;23,7;79;14;3,8;2;150;0;C 
2021-03-13;19,8;28,4;23,1;84;38,4;4,4;5;120;1;C 
2021-03-14;19;28,8;23,6;85;6,7;4;4;110;2;E 
2021-03-15;20,2;28;23,8;85;19,1;5,5;3;140;1;C 
2021-03-16;21,6;29,2;24,6;82;3,2;5,7;4;50;2;C 
2021-03-17;20,3;29,4;24,1;81;0;5,8;3;70;1;C 
2021-03-18;19,8;29,6;23,4;82;36,1;6,2;3;70;1;C 
2021-03-19;19,4;29,6;24,1;82;26,8;5,3;3;60;2;C 
2021-03-20;21,4;28;23,3;88;1;7;3;80;1;C 
2021-03-21;20;28,8;24,1;80;15,9;3,7;5;130;3;SE
2021-03-22;21,8;30;24,5;84;0,8;6,7;4;70;1;C 
2021-03-23;21,9;29,8;24,5;84;0;4,7;4;150;2;S 
2021-03-24;20,1;28,9;24,7;81;15,9;4,9;3;180;2;SE
2021-03-25;20,4;29,8;23,9;86;8888;7;3;260;1;C 
2021-03-26;20,4;29,4;23,8;84;41,9;4;3;140;1;C 
2021-03-27;20,4;30;24,8;82;10,1;4,9;4;70;1;C 
2021-03-28;20,6;28,8;24,5;80;1,9;7,4;5;180;3;S 
2021-03-29;22;29,8;25,3;81;0;8,2;6;80;1;C 
2021-03-30;22,2;28,6;24;90;0;5,5;6;80;2;E 
2021-03-31;21,7;29,4;24,7;83;11,4;1,8;4;70;2;C 
2021-04-01;21,8;27,8;23,9;86;11;6,3;4;50;1;C 
2021-04-02;20,9;29,2;24,2;87;56,9;4,6;3;200;1;C 
2021-04-03;20,4;31,2;26,2;71;2,8;2,5;8;280;2;W 
2021-04-04;21;29,1;23,3;89;1,2;6,7;4;120;2;C 
2021-04-05;21,4;30,5;24,8;80;10,6;4,2;6;60;2;C 
2021-04-06;21,3;27,6;24,1;84;1,6;4,7;4;130;1;C 
2021-04-07;21,5;28;24,2;85;0,5;0,7;5;260;1;C 
2021-04-08;21,2;29,1;24,6;87;1,9;0,4;4;90;1;C 
2021-04-09;20,4;30,5;25,4;76;15,3;3;4;250;1;C 
2021-04-10;21;29;24,4;85;20,7;6,7;3;150;1;C 
2021-04-11;20,8;28,8;23,7;84;0;5;4;70;2;SE
2021-04-12;20,8;29,4;24,7;78;0;2,7;5;170;2;S 
2021-04-13;20;29,2;24,2;78;0;3,7;6;110;2;C 
2021-04-14;20,5;29,5;24,9;75;0;5,6;5;70;2;E 
2021-04-15;19,8;29,8;24,4;74;1,3;6,8;6;70;2;C 
2021-04-16;21;30;25,2;77;0;8,1;4;90;1;C 
2021-04-17;20;28,8;24,6;75;0;9;4;40;2;NE
2021-04-18;20;28,7;23,2;82;0;5,2;5;140;2;SE
2021-04-19;20;29,8;24,5;72;8888;5,7;4;160;1;C 
2021-04-20;18,3;29,6;24,5;60;0;9,8;5;200;2;S 
2021-04-21;17,7;28,8;23,7;62;0;9,9;5;180;2;C 
2021-04-22;19;29,1;23,7;62;0;9,9;5;180;2;C 
2021-04-23;18,1;29,4;24;64;0;9,7;4;160;2;S 
2021-04-24;18,8;29,7;24,9;68;0;7,9;4;150;2;S 
2021-04-25;22;29,3;24,9;79;0;8,3;5;80;2;E 
2021-04-26;20,2;29,8;24,9;73;0;7,6;6;80;2;C 
2021-04-27;20,9;29,6;24,8;77;0;9,3;4;160;2;C 
2021-04-28;21,2;27,8;24,6;75;0;9;4;170;2;S 
2021-04-29;21;28,2;23,9;80;0;6,4;4;60;1;C 
2021-04-30;20,6;30;25,3;76;0;4,9;5;150;2;SE
2021-05-01;20,2;30,2;24,7;74;0;8;5;60;2;NE
2021-05-02;20;29,9;24,6;74;0;9,2;4;320;2;E 
2021-05-03;20,6;29,4;25;71;0;7,2;6;30;3;NE
2021-05-04;19,6;29,4;24,9;74;0;10;9;60;3;NE
2021-05-05;20,7;29,8;24,7;82;0,7;8,2;3;80;1;C 
2021-05-06;20,8;29,3;24,9;74;5,7;7;5;70;2;C 
2021-05-07;22,6;29,6;25,6;79;0;7,6;4;170;2;C 
2021-05-08;19,8;29;24,6;72;5;5,8;4;200;2;C 
2021-05-09;17,6;29,1;23,8;70;0;8,1;4;120;2;S 
2021-05-10;18,5;29,8;24,3;72;0;9,2;5;170;2;S 
2021-05-11;20,3;30;24,8;78;0;8,7;4;120;2;SE
2021-05-12;20,4;29,9;24,7;74;0;7,5;5;150;2;C 
2021-05-13;19,8;28,7;24,6;72;0;7,5;6;60;2;C 
2021-05-14;20,3;29,8;25;76;0;6,4;5;30;2;S 
2021-05-15;21,6;29,4;25,1;76;0;7,2;4;140;2;S 
2021-05-16;21;28,8;25,2;72;8888;6,8;5;160;2;S 
2021-05-17;20,3;28,4;24,3;73;0;8,3;3;130;1;C 
2021-05-18;21,1;30;25,2;72;8888;5,4;4;190;2;SE
2021-05-19;20,4;28,1;23,7;79;0;7,8;5;60;2;E 
2021-05-20;21,6;29,5;24,6;82;0,1;2,6;8;70;2;C 
2021-05-21;20;30;24,4;79;47,9;5,5;4;160;2;S 
2021-05-22;20;29,2;24;80;0;6,6;3;130;1;C 
2021-05-23;20,8;28,8;24,3;78;1,4;6;4;80;2;SE
2021-05-24;20,2;29,6;24,1;81;8888;5,7;3;210;1;C 
2021-05-25;21,3;28,5;24,4;84;15,5;3,3;5;90;1;C 
2021-05-26;;29,8;;;;1,8;6;60;3;NE
2021-05-27;19,8;29,2;24,7;71;0;9,9;8;60;4;NE
2021-05-28;21,1;30;24,4;80;0;10,2;5;130;2;C 
2021-05-29;20,6;29,2;24,7;82;0,6;7,5;5;340;2;SE
2021-05-30;21,8;29,4;24,3;84;0;7;6;120;2;C 
2021-05-31;20,4;30,6;23,9;82;5,8;6;3;130;1;C 
2021-06-01;20,4;28,8;24,3;79;1,1;3;4;120;1;C 
2021-06-02;19,6;29,4;24,4;76;0,2;6,4;3;70;1;C 
2021-06-03;19,9;29,6;24,5;72;0;9,6;4;70;2;C 
2021-06-04;19,6;29,6;24,6;76;0;9,7;5;10;2;C 
2021-06-05;21,8;29,5;25;72;0;9,8;5;60;2;NE
2021-06-06;21;30,6;25,1;74;0;9,7;3;100;2;E 
2021-06-07;19,7;29,6;23,9;76;19,6;9;4;170;1;C 
2021-06-08;19,8;29,6;24,7;72;1;9,2;4;60;2;S 
2021-06-09;21,4;29;25;77;0;9,1;4;70;2;C 
2021-06-10;22,7;29,2;25,1;83;0;7,7;4;160;1;C 
2021-06-11;20,4;29,2;24,2;82;0,2;5,9;4;130;1;C 
2021-06-12;20;29,6;23,8;81;1;5,3;3;80;1;C 
2021-06-13;19,4;29,4;24,6;73;18,3;6,5;6;90;2;E 
2021-06-14;19,6;29,6;23,9;74;0;10;4;30;2;C 
2021-06-15;19,2;29,6;24,7;75;0;8,1;5;50;2;C 
2021-06-16;20,2;29;23,8;80;8888;7,3;10;80;4;E 
2021-06-17;20,4;28,9;24,1;81;0;6,8;4;110;1;C 
2021-06-18;19,8;30;23,2;82;8888;0,4;3;90;1;C 
2021-06-19;20;29;24,1;78;0;3,9;6;70;2;C 
2021-06-20;19,4;28,4;23,7;75;0,5;7,3;5;60;2;NE
2021-06-21;19,7;27,8;22,8;84;0;7;4;90;1;C 
2021-06-22;19,8;28,4;22,8;87;118,8;4,5;3;140;1;C 
2021-06-23;19,8;28,7;24,1;80;6,2;6,6;6;100;3;C 
2021-06-24;20,8;28,3;23,7;83;0,5;7,2;6;60;3;NE
2021-06-25;20,8;28;23,7;87;12,6;8,6;5;70;2;C 
2021-06-26;20,4;29;24,3;80;0;3;4;60;1;C 
2021-06-27;20,4;29;24,6;78;26,3;7,5;4;50;1;C 
2021-06-28;20;26;23,8;85;0;10;4;60;2;NE
2021-06-29;19,4;29,4;24,1;76;0;2,5;5;130;1;C 
2021-06-30;20;29,3;23,8;77;0;9,7;4;140;2;C 
2021-07-01;19;29,1;23,4;76;2,2;8,4;4;190;2;S 
2021-07-02;17,5;28,4;22,4;72;0;9,2;6;70;2;NE
2021-07-03;20,2;28,1;23,5;76;0;9,6;4;180;2;C 
2021-07-04;18,4;28,2;23,5;74;0;7,5;5;120;2;S 
2021-07-05;17,6;27;22,1;71;0;9,8;7;180;2;S 
2021-07-06;18,5;27,1;22,2;70;0;10;3;190;1;C 
2021-07-07;16,8;27,8;22,1;72;0;7,4;3;120;2;C 
2021-07-08;18,5;28;22,6;81;0;6,5;3;150;1;C 
2021-07-09;18,3;29;23,6;83;6,5;3,4;3;60;2;E 
2021-07-10;20,2;28;24,1;85;7,2;5,8;4;40;2;NE
2021-07-11;20,2;29,8;24,8;63;1,1;2,3;10;120;4;NE
2021-07-12;17,7;28,6;22,8;68;0;10;7;70;2;C 
2021-07-13;17,7;28,2;24,2;76;0;9,7;7;160;2;S 
2021-07-14;18;28,2;22,2;71;0;9,5;4;170;3;S 
2021-07-15;18,2;27;23;72;0;7,2;7;200;4;S 
2021-07-16;17;28,5;22,5;72;0;9,2;3;70;2;SE
2021-07-17;18,4;27,6;22,3;77;0;6,6;3;140;2;C 
2021-07-18;18,4;27,3;22,9;78;0;4,2;5;140;2;S 
2021-07-19;18,6;28,8;23;78;0;3,6;7;50;3;NE
2021-07-20;18,4;29,4;24,5;70;0;9,4;6;110;2;C 
2021-07-21;20,3;28,2;24,4;76;0;9,3;5;170;2;C 
2021-07-22;19;28,4;22,9;71;0;9,6;5;320;2;C 
2021-07-23;18,9;28,2;23,1;75;0;6,3;6;250;2;S 
2021-07-24;17,3;29,5;22,7;76;0;6,6;3;160;2;C 
2021-07-25;16,4;28,1;22,4;74;0;10;6;110;3;S 
2021-07-26;15,9;30,6;23,5;38;0;10,3;6;20;3;NE
2021-07-27;14,9;29,2;21,4;60;0;10,3;4;60;2;C 
2021-07-28;16,4;28,5;22;66;0;10,1;4;200;2;S 
2021-07-29;17,9;28,6;23,3;70;0;9,8;5;140;2;S 
2021-07-30;19;28,8;23,5;74;0;9,1;3;50;1;SE
2021-07-31;19,8;28;23,5;82;0;8,6;6;130;3;S 
2021-08-01;21,3;26,4;23;82;0,3;4,6;5;170;3;S 
2021-08-02;19,1;28,4;23,2;80;0;3,6;5;150;2;C 
2021-08-03;21,2;25,1;22,9;89;0;5,9;4;210;2;S 
2021-08-04;20;30,2;24,4;76;0;0;6;80;2;C 
2021-08-05;21,2;28,8;24,1;76;10,5;7,9;7;70;3;C 
2021-08-06;18,8;29,6;23,7;69;0;6,5;6;20;3;NE
2021-08-07;18,5;28,5;23,5;73;0;9;8;70;4;NE
2021-08-08;19,4;30,4;25,1;75;0;8,5;5;140;2;C 
2021-08-09;20,3;29,2;23,7;84;3;9,4;4;70;2;E 
2021-08-10;19,4;28,2;23,5;77;1,2;8,2;3;150;2;S 
2021-08-11;18,9;28,8;22,6;74;0;10;5;150;2;SE
2021-08-12;19,8;27,6;23,8;76;0;9,7;7;150;4;S 
2021-08-13;20,6;29,6;24,1;79;0;6,6;4;180;3;SE
2021-08-14;20,5;29,6;24,6;74;8;7,8;6;70;2;C 
2021-08-15;18,8;30;24,9;71;0;10,3;7;80;3;C 
2021-08-16;20,1;29,2;23,6;78;0;9,8;4;60;2;C 
2021-08-17;18,4;29,1;23,9;70;0;9;7;230;3;S 
2021-08-18;20,5;28,4;23,6;85;0;9;5;120;2;C 
2021-08-19;20;28,5;23,4;72;13,6;4,9;7;170;2;S 
2021-08-20;21;27,4;23,3;82;0;8;4;170;2;S 
2021-08-21;21,4;28,8;24,2;78;0;6,6;6;200;2;S 
2021-08-22;21,8;28,6;24,3;76;0,2;6,3;6;180;3;S 
2021-08-23;18,4;29;22,8;74;0,1;6,4;5;140;2;S 
2021-08-24;16,6;27,2;21,7;74;0;8,2;6;180;3;S 
2021-08-25;17,8;27,8;23;77;0;9,2;6;180;4;S 
2021-08-26;18,8;28,2;22,5;70;0;8,6;5;180;3;S 
2021-08-27;16,2;27,8;21,8;74;0;9,6;7;180;3;S 
2021-08-28;21,4;28,2;24;76;0;7,7;6;200;2;S 
2021-08-29;19,6;28,2;23,4;80;0;5,1;6;160;3;S 
2021-08-30;20,4;29,6;24,4;78;0;7,5;5;150;3;SE
2021-08-31;21,4;31,2;25,2;70;0;6,3;5;90;2;C 
2021-09-01;20,4;30;24,3;76;0;9,3;6;140;3;S 
2021-09-02;20,2;28,6;23,2;75;0;8,2;6;180;3;S 
2021-09-03;19,8;27,8;23,1;74;0;9;5;140;3;S 
2021-09-04;19,6;27,4;22,9;79;0;8,3;7;150;3;S 
2021-09-05;20,6;28,3;23,8;80;0;6,2;6;130;2;S 
2021-09-06;19,6;29,8;23,9;74;0;4,1;7;70;3;NE
2021-09-07;19,6;29,7;24,9;75;0;8,3;6;150;3;S 
2021-09-08;21,9;29,5;24,9;71;0;6,4;6;160;4;S 
2021-09-09;18,5;28,6;23,6;69;0;9,8;4;140;2;S 
2021-09-10;20;30;23,8;75;0;7,1;4;200;2;S 
2021-09-11;22;28,4;24,3;80;0;6,9;3;160;1;C 
2021-09-12;21,2;28,3;23,8;85;71,5;2,2;6;70;2;E 
2021-09-13;21,3;28,6;24,8;80;0;1,2;6;60;3;C 
2021-09-14;20,7;29,3;23,8;82;0,4;4,7;8;50;3;C 
2021-09-15;20;30;24,6;76;8,6;7,1;8;50;2;C 
2021-09-16;21;30,4;25,1;78;0;7,5;5;180;3;S 
2021-09-17;19,8;31,2;24,6;76;0;8,7;8;150;4;S 
2021-09-18;21;30,2;24,5;78;0;9,2;5;140;3;S 
2021-09-19;20;28,4;24;77;0,2;8,8;5;180;3;S 
2021-09-20;21,3;28,4;23,9;78;0;7,8;4;140;2;C 
2021-09-21;20,9;28,8;23,7;83;0;4,4;4;180;1;C 
2021-09-22;19,8;29,8;24;76;26,3;1,2;6;60;3;NE
2021-09-23;20,2;29,8;24,6;78;0;7,3;5;30;2;C 
2021-09-24;20,4;29,2;24,9;69;0;4,4;6;50;3;NE
2021-09-25;20,2;29,2;23,9;79;0;2,2;5;170;2;S 
2021-09-26;21,1;29,9;24,4;81;0;3,8;5;70;2;S 
2021-09-27;21,3;28,6;23,7;80;0;5,6;5;190;2;S 
2021-09-28;20,7;28;23,3;79;0;1,9;4;190;2;S 
2021-09-29;19;28,6;23,6;82;0;6,3;4;160;2;S 
2021-09-30;20;28,6;24,1;80;0;7;4;130;2;SE
2021-10-01;20,7;29,8;24,8;74;0;6,9;4;180;2;S 
2021-10-02;20;30;24,4;74;0;9,6;4;150;2;S 
2021-10-03;21,2;28;23,8;82;0;8,2;5;180;2;S 
2021-10-04;21,2;26,4;23,4;81;0,6;3,7;3;170;2;S 
2021-10-05;20,3;27,4;22,8;82;0;0,6;5;180;2;S 
2021-10-06;20;25;21,8;87;0,9;4,8;4;160;2;S 
2021-10-07;20;26,6;23,3;76;0,2;0,6;4;170;2;S 
2021-10-08;19;29;24,2;72;0;4,2;3;150;2;S 
2021-10-09;19,8;28,8;24,1;78;0;9,8;7;180;4;S 
2021-10-10;21,4;29,9;24,8;76;0;8,6;6;150;3;S 
2021-10-11;19;28,4;24,1;74;0;6,9;5;240;3;S 
2021-10-12;20,6;31;24,9;71;0;10,2;6;140;3;S 
2021-10-13;21;30,6;24,7;71;0;9;6;190;2;S 
2021-10-14;20,8;31;25,4;73;0;8,7;5;180;2;S 
2021-10-15;19;31,3;24,9;77;0;6,8;6;100;2;C 
2021-10-16;22;31;25,6;76;7,2;6,5;5;160;3;S 
2021-10-17;22,4;30,7;25,7;79;8888;7,8;4;100;1;C 
2021-10-18;20;31,5;26,4;72;3,7;6;6;50;3;NE
2021-10-19;22,1;30,8;24,4;87;1,3;9,1;5;70;1;C 
2021-10-20;21,8;29,6;25,8;75;27,7;6,3;5;180;2;S 
2021-10-21;20,7;30,6;25,4;78;0;7,2;5;80;2;C 
2021-10-22;20,6;30,6;26;76;13,5;7;5;170;2;S 
2021-10-23;20,7;31,2;25,3;76;0;9,8;4;180;2;S 
2021-10-24;20,4;30;24,6;82;10,8;9,1;5;160;2;S 
2021-10-25;22;30;24,9;82;7,4;9,3;4;120;2;S 
2021-10-26;21,2;28,8;24,3;83;25,3;8,1;4;110;2;S 
2021-10-27;21,2;29;24,5;83;8,4;5,5;5;40;2;C 
2021-10-28;20,4;29,6;23,5;86;0;3,8;4;200;2;C 
2021-10-29;20,3;30,4;25,3;82;10,7;5,4;4;170;1;C 
2021-10-30;22,1;28,2;24,2;86;8,4;7,1;4;170;2;S 
2021-10-31;20,2;29,4;24,7;83;6,7;1,2;5;70;1;C 
2021-11-01;21,8;29,3;23,7;86;8,1;4,5;4;50;1;C 
2021-11-02;20,6;29,4;23,3;86;1,7;1,2;4;110;1;C 
2021-11-03;20,4;29,4;25,1;78;49,1;5,1;5;70;2;C 
2021-11-04;20,8;29,8;25,2;83;0;6;8;160;2;C 
2021-11-05;20,6;29,2;25;80;6,6;6,6;8;60;3;NE
2021-11-06;20,6;30,3;26,1;73;1;2,9;6;70;3;NE
2021-11-07;21;30,5;26,4;74;0;7,4;6;80;2;C 
2021-11-08;21;29,8;25,4;79;0;8,1;6;60;2;C 
2021-11-09;21,8;31,4;25,8;78;0;2,9;5;90;1;C 
2021-11-10;21,3;29;24,5;84;11;6,5;4;170;2;C 
2021-11-11;21,4;28,1;23,7;85;21,6;6,5;3;200;1;S 
2021-11-12;21,3;26,4;23,5;86;10,3;4,1;2;140;0;C 
2021-11-13;21;28,9;24,2;86;2,8;0;4;120;1;C 
2021-11-14;21,2;28;23;92;13,6;3;4;60;1;C 
2021-11-15;20,8;27,4;23,5;88;20,5;1,2;3;340;1;C 
2021-11-16;21,3;28,4;22,9;90;30,3;0,7;3;50;1;C 
2021-11-17;20,2;28,7;23,9;83;16;2,1;4;60;2;C 
2021-11-18;20,6;29,4;24,4;83;3,5;3,3;4;60;2;E 
2021-11-19;20;30,1;24,6;77;3;6,7;4;80;2;SE
2021-11-20;21,6;26,2;22,8;94;2,4;9,2;2;120;1;C 
2021-11-21;20,7;28,2;24,3;84;1,6;0;3;70;1;C 
2021-11-22;21,4;29;25,3;81;5;2,8;5;60;1;C 
2021-11-23;21,2;29;25,3;80;6,6;5,8;2;80;1;C 
2021-11-24;21;30;24,1;89;40,9;4,7;4;330;1;C 
2021-11-25;20,2;29,2;24,6;82;36,4;5,8;6;140;1;C 
2021-11-26;21,4;26,7;24,2;85;49,6;8,1;3;170;1;C 
2021-11-27;21,2;29,3;23,7;88;4,2;0,8;4;30;1;C 
2021-11-28;21,6;25,3;22,6;90;8,5;3,3;3;150;1;C 
2021-11-29;18,8;28,4;23,1;86;3;0;3;120;1;C 
2021-11-30;19,8;27,8;22,9;87;9,8;3,8;3;130;1;C 
2021-12-01;20,5;28;24,2;88;6,2;2,1;3;140;0;C 
2021-12-02;20,6;28,6;25;83;4;2,3;5;140;3;SE
2021-12-03;21,9;27;24,1;87;0;7,2;3;130;1;C 
2021-12-04;22,2;27,3;24,3;88;0,9;0,4;3;120;1;C 
2021-12-05;20,8;28,4;24,1;86;22,6;0,1;4;100;1;C 
2021-12-06;21,4;28,8;22,5;92;1,5;0,3;3;170;1;C 
2021-12-07;20,9;29,4;24,5;83;10,5;1,3;3;70;2;E 
2021-12-08;21,4;30,4;24,7;81;8,9;5;5;110;1;C 
2021-12-09;21,4;29,5;25,4;84;55,4;4,3;5;170;2;S 
2021-12-10;21,4;29,8;25,8;78;0;6,8;5;90;2;S 
2021-12-11;21,6;29,2;24,7;82;5,5;7;6;100;3;S 
2021-12-12;20,9;29,8;24,9;82;0;7,3;5;160;2;SE
2021-12-13;22,2;29,6;25,6;78;8888;8,9;4;140;2;SE
2021-12-14;20,6;30,4;25,2;80;0;8,1;4;160;2;SE
2021-12-15;21,7;28,2;23,2;92;0;6,8;3;80;1;C 
2021-12-16;20,3;29,8;25,4;81;5,3;0,4;5;80;2;C 
2021-12-17;20,6;30,4;25,3;82;2,5;7,2;4;70;1;C 
2021-12-18;21,6;29,8;25,9;82;0;6,7;4;160;1;C 
2021-12-19;21,4;30,3;26,1;83;37;7,2;5;70;2;E 
2021-12-20;21,8;28,4;23,9;91;7;5,8;5;140;1;C 
2021-12-21;21;28,6;24,4;82;22,6;4,3;6;60;2;NE
2021-12-22;20,8;29,4;24,5;85;0,5;1,4;4;50;2;C 
2021-12-23;21,5;29,8;24,1;85;8888;4,8;4;160;1;C 
2021-12-24;20,8;30,6;23,4;83;13;3,2;5;120;1;C 
2021-12-25;20,4;28,5;24,4;83;7;5,8;3;280;1;C 
2021-12-26;20,8;29,4;25,1;80;0;0,9;5;160;2;C 
2021-12-27;20,4;29,4;24;82;8888;6,2;8;140;3;SE
2021-12-28;20;29,6;25,3;75;0;4,8;7;150;3;SE
2021-12-29;20,1;28,9;24;;2,5;8,8;6;150;2;C 
2021-12-30;20,8;28;24,3;86;1,7;2,2;3;60;2;C 
2021-12-31;21,2;28,5;23,9;86;8888;0,9;5;120;1;C 
2022-01-01;20,4;29;24,3;82;25,1;3,4;3;120;1;C 
2022-01-02;20,4;28,6;24,1;82;6,4;3;3;150;2;SE
2022-01-03;20,7;29,4;24,4;80;2,9;4,1;4;150;2;SE
2022-01-04;20,2;28,6;24,1;81;8888;7,3;5;180;2;C 
2022-01-05;19,6;28,8;24,3;78;0,8;4,1;5;150;2;S 
2022-01-06;19,2;29,3;23,9;76;0;7,4;3;130;1;C 
2022-01-07;21;30,2;24,7;77;8888;4,1;6;140;2;SE
2022-01-08;20,1;28,4;23,3;82;0,2;4;3;60;1;C 
2022-01-09;20;29,8;23,2;83;2,7;2,5;4;200;1;C 
2022-01-10;19,8;28,8;23,8;84;26,6;6,3;4;70;1;C 
2022-01-11;21;28,1;23,6;90;22,6;4,4;3;260;1;C 
2022-01-12;20,3;29,7;25,5;78;17,9;3,9;5;290;2;C 
2022-01-13;22;29,6;24,8;83;0;3,2;3;90;2;SE
2022-01-14;20,5;29,2;24,3;81;0,6;2;2;120;1;C 
2022-01-15;20,7;30,2;24,1;82;2,1;5,2;5;340;1;C 
2022-01-16;20,4;29,1;24,4;81;4;3,6;3;70;1;C 
2022-01-17;19,8;30,4;24;79;1,9;0,3;3;260;1;C 
2022-01-18;20,6;27,6;22,9;89;21,4;3,8;3;140;1;C 
2022-01-19;20,7;28,2;24,5;81;31,3;1,1;4;110;1;C 
2022-01-20;21,3;27,4;22,6;94;8,7;4,7;4;120;2;C 
2022-01-21;20,2;28;23,6;86;26,3;1,7;5;160;2;SE
2022-01-22;21,4;27,6;24;84;0,3;2,5;4;150;1;C 
2022-01-23;21,1;29,2;24,3;84;2,7;0,1;4;140;2;SE
2022-01-24;20,5;30,2;25;76;0;6,2;4;130;2;SE
2022-01-25;19,5;31,4;25;73;0;8,8;4;300;2;C 
2022-01-26;19,6;31;25,7;77;0;9;3;100;2;SE
2022-01-27;21,6;30,6;25;80;2,8;3,5;4;140;1;C 
2022-01-28;21,2;28,9;24;86;1,8;4,6;6;150;1;C 
2022-01-29;21,2;30;24,5;81;0;2,8;4;80;2;C 
2022-01-30;21,4;29;24,6;82;1,5;1,8;5;140;2;E 
2022-01-31;20,7;30,2;23,7;84;5,5;3,4;4;110;1;C 
2022-02-01;20,7;28,4;22,4;92;12,5;4,3;3;150;1;C 
2022-02-02;19,4;29,4;23,9;83;47,4;3,1;4;50;2;C 
2022-02-03;20,4;30,4;24,2;83;1,2;7,4;4;80;2;C 
2022-02-04;21,3;29;24;86;36,4;4;4;180;2;S 
2022-02-05;21,6;27,6;23,5;90;0;2,5;3;120;1;C 
2022-02-06;20,6;28,6;24;85;3,6;0,9;5;50;2;C 
2022-02-07;21,9;27,8;24,2;76;55;4;3;50;2;N 
2022-02-08;22,1;30,1;26;66;2,3;5;4;270;2;W 
2022-02-09;21,4;28,6;23,7;85;5,6;5,5;3;160;1;C 
2022-02-10;20,4;27,8;23,6;86;42;4,5;2;150;1;C 
2022-02-11;21;27,4;23,5;86;1,2;0,5;3;140;1;C 
2022-02-12;20,6;28,4;24,1;81;32,6;0;4;70;1;C 
2022-02-13;20,4;28,4;23,8;86;4,8;1;3;50;1;C 
2022-02-14;21;27;23,6;89;0,4;3;4;160;1;C 
2022-02-15;21,1;28,4;24,3;85;3,7;0,5;4;30;1;C 
2022-02-16;21,4;29,3;25,3;81;41,2;2,7;8;60;3;E 
2022-02-17;20,2;28,1;23,5;83;0;9,1;6;40;2;NE
2022-02-18;20,3;29;23,8;80;2,2;5,7;6;20;3;C 
2022-02-19;20,7;29,2;24,8;78;6,2;5,8;4;170;1;C 
2022-02-20;21,2;28,3;24,8;77;0;7,5;3;140;1;C 
2022-02-21;21,7;28,9;24,8;84;8888;3,3;5;120;2;SE
2022-02-22;21,2;28,9;24,3;81;3,2;2,2;8;170;4;S 
2022-02-23;18,9;29,4;24,5;77;0;9;8;150;3;SE
2022-02-24;20,1;29,8;24;81;0;9,2;5;340;2;SE
2022-02-25;19,3;29;22,2;90;1,3;5,9;4;170;1;C 
2022-02-26;19,8;28,7;22,6;89;37;4,6;3;40;1;C 
2022-02-27;21;28,6;24,2;83;12,3;4,5;5;90;1;C 
2022-02-28;21,6;27;23,4;88;0,4;4,6;4;50;2;NE
2022-03-01;20,6;27;24,2;83;1,5;2,9;4;60;2;NE
2022-03-02;20,7;29,7;25;77;0,4;1;5;70;2;NE
2022-03-03;21;30,2;25,7;74;5,3;6,8;5;110;2;E 
2022-03-04;22,2;29;24,5;84;8,5;7,9;4;190;2;SE
2022-03-05;21,3;29,6;24,7;80;9,9;3,8;6;160;2;S 
2022-03-06;20,4;28,8;24,1;82;0;7,5;5;180;2;C 
2022-03-07;21;28,9;24,1;85;0;2,3;4;300;1;C 
2022-03-08;20,7;29;24,1;84;47;5;5;150;2;NW
2022-03-09;21,7;29,8;24,4;83;16,4;6;4;160;1;C 
2022-03-10;20,8;28,8;23,9;84;62,8;3;3;130;1;C 
2022-03-11;20,3;28,6;24,8;82;1,8;0,5;5;60;3;NE
2022-03-12;21,4;27,4;23,9;86;8888;7,5;4;320;2;C 
2022-03-13;20,4;29,4;24,6;81;5;0,3;4;90;1;C 
2022-03-14;20,2;29,6;24,3;85;12,8;4;3;100;1;C 
2022-03-15;;29,4;24,8;85;89,4;5,5;15;140;3;C 
2022-03-16;20,4;29;24,6;84;3,2;3,8;5;60;2;C 
2022-03-17;20,8;30,8;26,5;72;1;4,7;4;60;2;NE
2022-03-18;20,8;30,3;24,3;84;0;10;6;90;2;C 
2022-03-19;20,4;29,2;23,8;85;46,6;4,2;4;190;2;C 
2022-03-20;21,2;28,4;23,5;91;3,5;4,5;5;150;1;C 
2022-03-21;20,6;28,4;23,3;86;1,5;2,3;4;40;1;C 
2022-03-22;20;28,6;23,4;83;9,5;3,1;5;80;2;C 
2022-03-23;20,1;29,4;24,1;80;1;3,1;4;70;2;E 
2022-03-24;20,6;30,8;25,1;83;5,5;5,5;4;30;2;NE
2022-03-25;21,3;29,4;24,4;85;8888;9;4;60;1;C 
2022-03-26;21,4;29,4;24,3;82;0;1,5;3;140;0;C 
2022-03-27;22,4;27,8;23,2;88;3;1,6;3;120;1;C 
2022-03-28;20;29,6;23,8;82;4,7;0,7;5;80;2;C 
2022-03-29;20,4;29,2;23,8;84;5;7,5;5;130;1;C 
2022-03-30;20,9;30;24,8;79;3,4;4,7;4;80;1;C 
2022-03-31;21,9;29,6;23;92;0;6,1;3;80;1;C 
2022-04-01;19;29,2;22,1;85;21;4,1;2;100;0;C 
2022-04-02;20,6;30;25,1;78;18,3;4,7;2;90;1;C 
2022-04-03;19,4;30,6;24,3;76;6,2;4,1;5;70;1;C 
2022-04-04;20,4;29;23,7;84;7,5;7,5;3;150;1;C 
2022-04-05;19;29,8;24,3;78;95,7;6,3;4;50;2;C 
2022-04-06;19,4;28,6;23,9;79;3,5;8;4;190;1;C 
2022-04-07;20;28,6;25,1;77;0,5;5,1;4;170;2;S 
2022-04-08;21,8;29;24,3;84;0;5,6;5;160;1;C 
2022-04-09;20,4;29,6;24,7;79;26;6;3;120;1;C 
2022-04-10;21,2;30,6;24,5;77;18,2;6,5;3;120;1;C 
2022-04-11;19,8;30;25;72;0,1;6,2;3;120;2;C 
2022-04-12;18,2;29,8;24,1;70;0;7,7;3;110;1;S 
2022-04-13;18,9;29,4;24,1;73;1;7;3;100;1;C 
2022-04-14;19,3;30;24,8;67;0;7,2;5;70;2;C 
2022-04-15;20;30,3;25,5;69;0;9,8;4;70;2;E 
2022-04-16;20,3;30,4;23;87;;9,8;5;80;1;C 
2022-04-17;19,7;30,4;25,1;74;42,5;5,5;4;20;2;C 
2022-04-18;21,4;30,1;24,7;80;0;9;3;40;1;C 
2022-04-19;21,2;28,8;23,5;88;2,8;4,5;4;130;1;C 
2022-04-20;20,3;27,4;23,7;83;45;4;3;160;1;C 
2022-04-21;20,2;28;23,5;85;5,6;0,9;4;30;1;C 
2022-04-22;20;29,6;24,5;77;45,5;4,9;6;50;3;NE
2022-04-23;20,4;29,8;24,9;79;0;6,9;3;50;1;C 
2022-04-24;21;29,7;24,6;89;1,6;7,1;3;30;1;C 
2022-04-25;22;29,8;25,4;81;5,6;5,8;3;130;1;C 
2022-04-26;20,3;28,8;24,7;79;0;9,2;5;20;2;NE
2022-04-27;20,8;29;24,3;79;0;6;4;20;2;NE
2022-04-28;21,8;29,8;25,1;80;1,5;5,3;5;60;2;C 
2022-04-29;20,1;28,8;24,2;80;2,5;6;4;60;2;NE
2022-04-30;20,2;29;24,6;77;4;5,5;5;70;3;NE
2022-05-01;20,8;30;25,5;74;1;4,8;5;50;3;NE
2022-05-02;20,1;30,2;25;70;0;8,8;6;50;2;NE
2022-05-03;20;30,4;24,5;78;0;10,7;3;60;1;C 
2022-05-04;19,8;29,9;25;74;9,6;7,8;5;60;2;C 
2022-05-05;20,5;29,8;25,2;74;0;7,7;5;90;2;C 
2022-05-06;21;29;25,2;79;0;5,4;4;50;1;C 
2022-05-07;20,8;29,9;24,1;85;0,5;5,7;2;120;1;C 
2022-05-08;21;29,4;24,3;82;8888;5,6;3;150;1;C 
2022-05-09;21;29,4;25,4;80;0;5,1;5;70;2;C 
2022-05-10;21,4;30,4;25,4;82;0;7,5;5;70;2;E 
2022-05-11;21,1;30,4;25,6;76;8888;5,4;5;40;2;NE
2022-05-12;21,6;30,3;25,1;82;0;8,3;2;90;1;C 
2022-05-13;21,4;29,7;25,4;83;4,8;4,6;3;140;1;SE
2022-05-14;21,4;30,6;25,4;81;0,1;6,4;3;150;1;C 
2022-05-15;21,2;29,8;25,7;76;10,3;6,2;3;200;2;S 
2022-05-16;20,6;29,9;25;74;0;9;2;150;1;SE
2022-05-17;20,4;29,6;24,7;76;0;9,9;4;80;1;C 
2022-05-18;21;29,6;24,6;78;0,2;7,1;5;60;2;C 
2022-05-19;20,6;29,6;24,6;80;0;6,7;6;40;2;C 
2022-05-20;21,8;28,2;23,6;92;12,9;6,6;4;90;1;C 
2022-05-21;21,4;28,8;25,1;77;18,4;2,2;7;60;2;NE
2022-05-22;20,3;28,8;24,5;72;0;8,3;5;50;3;NE
2022-05-23;20,4;28,6;24,5;68;0;7,9;5;50;3;NE
2022-05-24;19,6;29,2;25,7;74;0;9,8;6;20;3;NE
2022-05-25;22;29,4;25,5;78;0;10;4;60;2;NE
2022-05-26;21,8;25,8;23,1;84;8888;7,9;4;310;1;C 
2022-05-27;21,5;27,4;23,5;81;1,2;0;2;80;1;C 
2022-05-28;20,4;29,1;25;73;15,6;0,5;3;30;1;NE
2022-05-29;21,4;28;24,4;80;0;7,3;5;60;2;N 
2022-05-30;21;28,8;25,2;75;0;5,8;5;20;3;NE
2022-05-31;20,2;29,4;25,5;77;0;9,2;4;50;2;NE
2022-06-01;21,2;26,1;23,6;90;4,8;9;4;180;1;C 
2022-06-02;19,2;29,2;23,3;78;8888;0,8;4;160;1;S 
2022-06-03;19,5;28;23,7;79;5,5;6,5;3;150;1;C 
2022-06-04;20;29,4;24,4;81;8888;6,6;5;80;2;E 
2022-06-05;20,8;28,3;22,8;87;0;8,8;3;160;1;C 
2022-06-06;19,6;28,4;23,1;87;73,1;5,3;3;130;1;C 
2022-06-07;19,8;29,4;24;80;0,6;2,6;4;50;2;C 
2022-06-08;20;28,6;23,9;78;0,5;9,2;6;30;2;C 
2022-06-09;20,7;28,5;24,1;74;0;8,6;6;70;2;C 
2022-06-10;20;29,2;23,9;80;0;4,5;5;90;2;C 
2022-06-11;20,2;29;24,4;82;92,5;6,8;6;80;2;C 
2022-06-12;20,8;28,3;24;82;1,7;7;4;160;2;SE
2022-06-13;20,3;28,6;23,7;82;4,4;6,7;5;120;1;C 
2022-06-14;20,2;28,8;24,3;79;0,8;3,7;4;50;2;C 
2022-06-15;20,2;29;24,5;77;0;7,4;8;70;3;NE
2022-06-16;21,2;28,6;23,3;90;2,2;9,7;4;90;1;C 
2022-06-17;20;28,4;23,1;85;6,9;2,8;3;180;1;C 
2022-06-18;19,4;28,6;23,7;80;58,4;3,6;3;160;1;C 
2022-06-19;19,8;28,8;23,4;84;8888;7,7;5;70;2;E 
2022-06-20;19,1;27,8;23,2;84;20;8,3;4;130;2;C 
2022-06-21;19,1;28,6;23,5;78;0;6,3;3;70;1;C 
2022-06-22;18,7;29,2;24;72;0;7;3;170;2;S 
2022-06-23;19;29,2;23,5;79;0;8;4;170;2;SW
2022-06-24;19,6;27,4;23,4;80;9,5;6,6;5;160;2;S 
2022-06-25;19,2;28,4;23,4;79;3,9;7,2;4;190;1;C 
2022-06-26;19,8;27,8;22,4;92;0;6,3;3;170;1;C 
2022-06-27;20,8;25,6;22,8;85;23,4;2,8;6;180;2;SW
2022-06-28;20,2;27;23,2;76;0;1,8;4;210;3;S 
2022-06-29;18,8;28,6;23;63;0;6,7;3;250;1;W 
2022-06-30;20,1;28,2;24,4;71;0;9;4;190;2;S 
2022-07-01;19,4;28,2;23;80;0;9,9;5;70;2;S 
2022-07-02;19,6;28,3;23,8;78;0;6,8;3;170;1;C 
2022-07-03;20,8;29,2;25;77;17,4;3,8;6;30;3;NE
2022-07-04;20,4;29;24,3;77;0;8,2;7;60;3;NE
2022-07-05;20,2;29,8;25,2;76;0;9,6;4;190;1;C 
2022-07-06;20,6;27,2;24;79;;6,1;4;200;2;S 
2022-07-07;18,4;28,1;23,2;72;0;5,2;4;190;2;S 
2022-07-08;18,3;26,2;22,3;70;0;9,7;4;190;2;S 
2022-07-09;16,4;28;22,5;71;0;9;3;190;2;S 
2022-07-10;17,5;28,8;22,7;75;0;7,3;3;140;1;C 
2022-07-11;19,3;27,6;23,8;77;0;8,2;4;200;1;C 
2022-07-12;19,2;28,8;23,5;82;0;2,6;4;160;2;C 
2022-07-13;19,4;29,2;24,2;77;1,9;6,2;5;60;2;C 
2022-07-14;19,4;29;23,9;80;1;8,3;6;110;2;E 
2022-07-15;21,4;28;24;82;0;7,6;4;160;2;S 
2022-07-16;20,3;27,4;23,3;84;0;4,7;5;160;2;S 
2022-07-17;18,6;27,2;23,9;77;0;5,2;3;220;1;C 
2022-07-18;21,2;28,4;23,8;78;0;5,4;3;210;1;C 
2022-07-19;20,8;29,2;24,2;74;0;6,3;3;180;2;S 
2022-07-20;17;29,4;22,8;70;0;7;6;90;2;E 
2022-07-21;19,2;28;23,3;78;0;10;6;170;2;S 
2022-07-22;21,2;27,1;23,2;82;0;6,9;4;170;2;S 
2022-07-23;18,9;27,8;23;82;0;5,1;5;180;2;S 
2022-07-24;20;26,4;22,6;69;0;5,6;5;180;3;S 
2022-07-25;14,6;26,5;20,1;70;0;7,8;4;260;2;C 
2022-07-26;16;29,2;21,9;66;0;8,7;6;100;2;C 
2022-07-27;17,1;30,4;24;77;0;10,1;6;80;2;S 
2022-07-28;18,4;29,6;23,6;75;0;8,9;5;60;3;S 
2022-07-29;17,6;28,8;22,9;73;;9,7;5;80;2;E 
2022-07-30;17,9;28,8;22,5;69;0;7,4;5;70;2;SE
2022-07-31;17,7;28,8;22,8;67;0;9,3;4;90;2;NE
2022-08-01;17;28,8;23;65;0;8;7;50;2;C 
2022-08-02;18;28;24;84;0;8,6;3;90;1;C 
2022-08-03;19,5;30,2;24,3;76;0;0,3;5;80;2;E 
2022-08-04;19;27,9;23,4;68;0,8;8,7;7;160;3;S 
2022-08-05;18,2;29;23,3;60;0;8,8;3;200;2;C 
2022-08-06;18;28,6;23,9;62;0;9,6;3;180;2;SE
2022-08-07;20,1;24,5;22,5;90;1,5;9,8;4;180;2;S 
2022-08-08;20,6;26,8;23,2;82;5,1;1,5;4;200;2;S 
2022-08-09;18,2;28,3;22,8;78;0;3,8;4;170;2;S 
2022-08-10;20;29;23,9;81;0;7,5;4;80;2;S 
2022-08-11;21;29,8;24,8;80;0;5,5;7;50;3;S 
2022-08-12;21,9;29,2;24,9;76;;6;7;70;4;E 
2022-08-13;20,6;30,4;24,2;78;0;7,6;5;70;2;C 
2022-08-14;19,2;28,8;24,6;81;15,1;6,5;5;50;2;C 
2022-08-15;19,9;29,8;24,3;77;0,4;7,7;6;80;2;E 
2022-08-16;20,6;29,8;24;79;8888;7,7;4;160;2;S 
2022-08-17;19,9;28,4;23,6;76;18,8;7,2;5;220;2;S 
2022-08-18;19,4;28;23,4;80;0;8,6;3;200;2;S 
2022-08-19;19,4;27,8;22,7;81;0;8,8;5;200;3;S 
2022-08-20;18,8;29;23,2;76;8888;7,6;4;210;2;S 
2022-08-21;19,6;28,8;23,6;73;0;8,8;4;190;2;C 
2022-08-22;18,7;28,9;23,6;78;0;6,8;5;200;3;S 
2022-08-23;17,9;28,2;22,4;75;0;9;4;160;2;S 
2022-08-24;16,5;29,2;22,4;74;0;8,4;3;120;2;S 
2022-08-25;17,6;28,5;23;77;0;9,2;5;190;2;S 
2022-08-26;18,7;28;22,7;80;;7,2;5;190;2;S 
2022-08-27;18,8;27,2;22,9;80;0;4,6;4;190;3;S 
2022-08-28;17,7;26,5;22,7;70;0;2,7;5;180;2;S 
2022-08-29;17,4;28,6;23,4;78;0;5,9;5;180;2;S 
2022-08-30;20,7;28;23,6;86;1,8;8,3;6;190;2;SW
2022-08-31;19,6;29,8;24,3;76;0,1;4,9;5;80;2;C 
2022-09-01;19,2;30,2;24,2;77;0;6,4;4;80;2;S 
2022-09-02;20;31,3;25,2;69;0;8,4;5;70;2;E 
2022-09-03;20,3;29;24,3;72;0;9,6;5;200;3;S 
2022-09-04;19,8;29;23,7;78;0;9;3;170;2;S 
2022-09-05;19,4;29,3;23,8;78;16,4;5,7;5;90;2;C 
2022-09-06;19;29,4;23,6;81;0;2,6;4;140;1;C 
2022-09-07;19;28,8;24,1;83;0;5,2;4;200;2;S 
2022-09-08;19,3;30;23,5;81;11,4;2,9;5;110;2;C 
